timestamp,total_power_w,3V7_WL_SW,3V3_SYS,1V8_SYS,DDR_VDD2,DDR_VDDQ,1V1_SYS,0V8_SW,VDD_CORE,3V3_DAC,3V3_ADC,0V8_AON,HDMI
1784698822.701900702,3.060314,0.007231,0.412556,0.339393,0.088439,0.007102,0.216281,0.332597,1.607747,0.000000,0.001213,0.002778,0.044977
1784698822.922021887,3.832548,0.000000,0.220773,0.346675,0.042090,0.000000,0.217646,0.285490,2.675077,0.000808,0.001213,0.002828,0.039948
1784698823.120800382,3.133120,0.000000,0.211092,0.350322,0.051907,0.000593,0.216856,0.307895,1.951165,0.000000,0.001213,0.002928,0.039149
1784698823.502581932,6.514083,0.000000,0.210444,0.382363,0.133318,0.002367,0.217357,0.282631,5.238506,0.000809,0.000606,0.003315,0.042367
1784698823.958002148,6.783551,0.000000,0.204882,0.358896,0.122870,0.020331,0.217646,0.350233,5.463262,0.000000,0.001211,0.002926,0.041294
1784698824.413974993,6.713021,0.000000,0.201125,0.386642,0.259925,0.011808,0.222177,0.326351,5.262597,0.000000,0.001211,0.002587,0.038598
1784698825.006203946,5.677437,0.003616,0.217526,0.369784,0.194328,0.016888,0.217646,0.356434,4.254291,0.000808,0.001415,0.002782,0.041919
1784698825.522480939,6.724916,0.195175,0.266152,0.376999,0.249721,0.010949,0.226566,0.346650,5.006300,0.000000,0.001212,0.002825,0.042367
1784698826.014997968,6.938276,0.170002,0.214160,0.362891,0.123948,0.010006,0.214556,0.325421,5.473930,0.000000,0.001213,0.002681,0.039468
1784698826.478626688,6.548125,0.202606,0.213981,0.355859,0.091614,0.005629,0.231345,0.364551,5.038137,0.000808,0.001212,0.002925,0.039458
1784698826.989122930,5.886181,0.177325,0.213682,0.384877,0.225815,0.010634,0.213915,0.327762,4.286099,0.000808,0.000606,0.003170,0.041488
1784698827.511281505,7.423390,0.177147,0.213682,0.384045,0.168362,0.014769,0.218651,0.346333,5.855258,0.000000,0.001213,0.002680,0.041250
1784698828.097150002,7.012966,0.180853,0.236411,0.395948,0.297081,0.006207,0.218651,0.350852,5.280092,0.000808,0.001212,0.003019,0.041832
1784698828.622221572,7.777191,0.169874,0.240320,0.353618,0.053748,0.020406,0.217574,0.324008,6.351960,0.000000,0.001213,0.002928,0.041542
1784698829.094661222,6.354682,0.177236,0.214100,0.373423,0.205862,0.015722,0.217501,0.349933,4.757467,0.000000,0.001414,0.002680,0.039344
1784698829.638548541,5.468136,0.177192,0.237205,0.345360,0.177347,0.003840,0.217646,0.350072,3.914717,0.000808,0.000606,0.002633,0.040710
1784698830.198483612,6.521114,0.177147,0.204483,0.384146,0.076575,0.000296,0.215777,0.287182,5.130758,0.000808,0.000606,0.002679,0.040657
1784698830.661668091,6.724125,0.000000,0.230127,0.354427,0.106668,0.005918,0.216496,0.287708,5.480541,0.000808,0.000607,0.002780,0.038045
1784698831.150168326,6.886321,0.000000,0.214220,0.402442,0.297476,0.023109,0.215777,0.362099,5.324747,0.000000,0.001213,0.002782,0.042456
1784698831.711266543,5.274737,0.000000,0.204654,0.374222,0.297283,0.006210,0.217935,0.351656,3.780558,0.000000,0.001415,0.002679,0.038125
1784698832.202420514,7.128221,0.000000,0.227013,0.390034,0.294731,0.010936,0.218723,0.312869,5.630503,0.000807,0.000607,0.002922,0.039076
1784698832.674316348,6.899340,0.000000,0.184647,0.345289,0.089488,0.020307,0.221661,0.316837,5.675976,0.000000,0.001214,0.003168,0.040753
1784698833.146526459,6.648482,0.000000,0.217284,0.355685,0.057219,0.031959,0.218941,0.346967,5.378758,0.000808,0.000606,0.002778,0.037477
1784698833.610766452,6.347602,0.180717,0.204140,0.365933,0.211321,0.006506,0.239953,0.336346,4.756697,0.000000,0.001415,0.003313,0.041261
1784698834.150066200,7.019813,0.191992,0.214280,0.367593,0.194006,0.017996,0.216712,0.339468,5.431179,0.000808,0.000606,0.002728,0.042445
1784698834.655224945,5.443014,0.180898,0.217466,0.388593,0.264438,0.011555,0.219014,0.355856,3.758557,0.000808,0.001415,0.003218,0.041196
1784698835.213048924,6.551633,0.188040,0.227203,0.390669,0.261561,0.018313,0.215922,0.343527,4.863036,0.000202,0.001213,0.003166,0.038781
1784698835.714217192,6.710197,0.170002,0.204711,0.387540,0.361187,0.006203,0.228813,0.368446,4.935665,0.000808,0.001415,0.002829,0.042578
1784698836.234751283,6.773124,0.184424,0.214937,0.347208,0.024716,0.030128,0.217574,0.322488,5.388339,0.000808,0.000606,0.002974,0.038922
1784698836.710047572,6.193453,0.184516,0.210856,0.369051,0.211882,0.003845,0.229498,0.363212,4.576809,0.000808,0.000606,0.003118,0.039252
1784698837.183276364,6.476535,0.000000,0.204426,0.359483,0.106526,0.004436,0.216568,0.305771,5.236933,0.000000,0.001617,0.002680,0.038095
1784698837.654878140,6.765328,0.007232,0.244043,0.378760,0.056972,0.004123,0.214413,0.324194,5.493135,0.000808,0.000606,0.002977,0.038065
1784698838.117976373,6.495014,0.000000,0.321689,0.394082,0.178134,0.020895,0.216065,0.307895,5.014259,0.000202,0.001414,0.002879,0.037500
1784698838.558207918,6.514660,0.000000,0.207844,0.380400,0.225860,0.008286,0.217140,0.317908,5.114873,0.000000,0.001213,0.002680,0.038456
1784698839.000934034,6.945728,0.000000,0.213682,0.400766,0.294234,0.008829,0.216784,0.337752,5.426498,0.000808,0.000606,0.002924,0.042845
1784698839.441796652,7.851405,0.000000,0.217466,0.375294,0.218505,0.008571,0.216784,0.311153,6.458351,0.000000,0.001415,0.002583,0.041283
1784698839.918986621,6.996573,0.003614,0.299359,0.405389,0.300526,0.026289,0.219947,0.329952,5.369312,0.000202,0.001414,0.002484,0.038085
1784698840.321954223,6.813024,0.000000,0.230449,0.372162,0.211531,0.013604,0.218368,0.351174,5.372421,0.000808,0.000606,0.002825,0.039076
1784698840.778956668,6.785297,0.000000,0.207902,0.352852,0.157256,0.026241,0.216784,0.296237,5.481112,0.000808,0.001414,0.003311,0.041380
1784698841.262394960,6.280574,0.000000,0.201349,0.348647,0.027008,0.020159,0.240511,0.346333,5.052531,0.000808,0.000606,0.003123,0.039499
1784698841.745001124,6.313638,0.000000,0.201293,0.355089,0.086139,0.011231,0.218941,0.287830,5.108229,0.000808,0.001415,0.003216,0.039447
1784698842.203042418,6.699059,0.000000,0.207439,0.354607,0.169778,0.001185,0.228813,0.343212,5.350044,0.000000,0.001415,0.003119,0.039447
1784698842.678218055,6.480259,0.003616,0.214280,0.376151,0.102222,0.029296,0.231499,0.334632,5.144704,0.000808,0.000606,0.002925,0.039520
1784698843.142432265,6.873885,0.000000,0.256415,0.381353,0.128685,0.002071,0.216856,0.347285,5.496450,0.000202,0.001212,0.002826,0.040530
1784698843.606113161,7.821266,0.000000,0.214698,0.382077,0.298759,0.011183,0.222177,0.309813,6.337058,0.000202,0.001415,0.003120,0.040764
1784698844.057031816,5.973767,0.000000,0.204768,0.395734,0.258024,0.019234,0.218651,0.360869,4.473038,0.000202,0.001213,0.002679,0.039355
1784698844.580814433,7.165847,0.209737,0.233694,0.354992,0.232421,0.003847,0.228965,0.323376,5.536223,0.000808,0.000606,0.003023,0.038155
1784698845.027039040,8.043827,0.173880,0.210798,0.353098,0.158438,0.019850,0.218070,0.295224,6.572110,0.000807,0.000607,0.002780,0.038165
1784698845.485306332,6.945656,0.206173,0.213981,0.381353,0.226815,0.020122,0.216999,0.308676,5.327875,0.000808,0.001415,0.002729,0.038710
1784698845.962359076,6.627158,0.213246,0.230384,0.348340,0.050842,0.006510,0.216065,0.298517,5.219522,0.000202,0.001414,0.002875,0.039241
1784698846.446546123,7.572531,0.177014,0.324378,0.437708,0.296687,0.008561,0.216856,0.302009,5.764154,0.000000,0.001213,0.002679,0.041272
1784698846.906113689,7.010282,0.169917,0.207786,0.401228,0.124653,0.002065,0.217862,0.345539,5.496450,0.000808,0.000404,0.002923,0.040647
1784698847.422594538,7.186823,0.173576,0.214399,0.366528,0.122156,0.006526,0.219801,0.297191,5.741594,0.000000,0.001213,0.002729,0.041110
1784698847.948577427,6.216083,0.202505,0.216980,0.392854,0.272958,0.006502,0.215419,0.350554,4.512617,0.000404,0.000606,0.002874,0.041810
1784698848.499507370,6.065448,0.177192,0.200900,0.398093,0.263422,0.012066,0.222250,0.357541,4.390797,0.000808,0.001415,0.002679,0.038285
1784698849.150732842,6.387309,0.206173,0.204369,0.394082,0.324206,0.005616,0.231960,0.354913,4.621999,0.000000,0.001415,0.003118,0.039458
1784698849.724609655,6.134730,0.198789,0.211563,0.389331,0.247568,0.016877,0.231883,0.372341,4.422615,0.000000,0.001213,0.003216,0.039334
1784698850.297732007,5.933792,0.173532,0.233629,0.384045,0.257512,0.014760,0.217646,0.369461,4.236528,0.000000,0.002426,0.002873,0.041380
1784698850.785214083,5.878645,0.202505,0.217587,0.371714,0.245089,0.006199,0.214698,0.326383,4.249157,0.000000,0.001415,0.002680,0.041218
1784698851.331619568,6.466904,0.198938,0.291955,0.392429,0.321625,0.023025,0.217646,0.349613,4.628032,0.000808,0.000606,0.002924,0.039303
1784698851.933696651,6.306581,0.180763,0.217466,0.395841,0.312499,0.014126,0.230728,0.365053,4.544670,0.000808,0.000606,0.002727,0.041294
1784698852.437162424,6.044849,0.177192,0.210680,0.389247,0.297673,0.020393,0.215419,0.447161,4.242223,0.000808,0.000606,0.002928,0.040519
1784698852.989156381,6.762735,0.173619,0.211445,0.409471,0.332823,0.019424,0.245986,0.364440,4.963481,0.000000,0.001212,0.002679,0.038155
1784698853.591855332,6.224503,0.198789,0.236808,0.401662,0.341553,0.024427,0.217646,0.364440,4.392122,0.000808,0.000606,0.003119,0.042523
1784698854.208679909,5.615440,0.000000,0.214638,0.393975,0.317532,0.022517,0.219014,0.363660,4.037717,0.000808,0.001213,0.002633,0.041733
1784698854.813103079,6.626849,0.184424,0.240253,0.394189,0.297377,0.006210,0.217862,0.352867,4.887776,0.000808,0.000606,0.003313,0.041164
1784698855.416659306,5.850078,0.188040,0.211445,0.381870,0.227795,0.002961,0.216065,0.346015,4.230125,0.000808,0.000606,0.003119,0.041229
1784698855.998482658,7.012377,0.209895,0.217587,0.392801,0.296884,0.010049,0.216996,0.369292,5.256055,0.000000,0.001415,0.002825,0.038578
1784698856.607032617,6.840555,0.206018,0.221266,0.387569,0.331218,0.010370,0.217935,0.355983,5.065065,0.000000,0.001213,0.003897,0.040021
1784698857.124635031,7.307880,0.188087,0.201349,0.392641,0.299830,0.011231,0.215705,0.397762,5.556491,0.000202,0.001415,0.002680,0.040487
1784698857.707224956,6.178356,0.177280,0.214100,0.388909,0.270800,0.012162,0.217646,0.331512,4.521927,0.000000,0.001212,0.002682,0.040126
1784698858.278320620,5.339247,0.180717,0.220342,0.391897,0.305223,0.017194,0.230040,0.347431,3.604404,0.000000,0.001212,0.002632,0.038155
1784698858.766286543,7.296576,0.166385,0.197991,0.389331,0.282012,0.022716,0.216065,0.372244,5.607298,0.000000,0.001415,0.002874,0.038245
1784698859.288953355,7.101906,0.000000,0.227266,0.387150,0.253118,0.007098,0.219144,0.290304,5.668022,0.000000,0.000606,0.002972,0.046226
1784698859.857711189,6.786610,0.000000,0.498870,0.382077,0.070220,0.005886,0.218433,0.317127,5.245075,0.000202,0.000606,0.002972,0.045142
1784698860.392157334,7.254635,0.180808,0.230770,0.376183,0.203504,0.014144,0.218941,0.353219,5.631675,0.000000,0.001213,0.002874,0.041304
1784698860.874321413,7.119300,0.173619,0.217708,0.383110,0.263771,0.009129,0.218723,0.352438,5.458325,0.000808,0.000606,0.002778,0.038285
1784698861.406163951,6.148742,0.177192,0.210621,0.395412,0.299532,0.019778,0.216496,0.363993,4.423949,0.000808,0.000606,0.002679,0.037676
1784698861.898296681,6.034867,0.188040,0.218012,0.357524,0.142035,0.001187,0.214129,0.347136,4.520793,0.000808,0.001413,0.002680,0.041110
1784698862.398589749,7.004275,0.000000,0.243568,0.358702,0.261995,0.002071,0.218941,0.336334,5.539563,0.000404,0.000606,0.002778,0.039313
1784698862.906581490,6.580701,0.000000,0.214877,0.374324,0.098048,0.026781,0.231653,0.339157,5.251321,0.000000,0.001213,0.002680,0.040647
1784698863.417824319,6.173419,0.000000,0.233173,0.376999,0.227645,0.018586,0.217646,0.372244,4.682587,0.000808,0.001414,0.002973,0.039344
1784698863.918252164,7.123417,0.003617,0.214339,0.381353,0.229955,0.010909,0.228965,0.326383,5.685130,0.000404,0.000606,0.002925,0.038831
1784698864.397996374,6.518749,0.000000,0.210739,0.348151,0.124694,0.001479,0.232421,0.289772,5.267364,0.000808,0.001415,0.002582,0.039324
1784698864.914149935,6.022306,0.000000,0.214519,0.390140,0.142224,0.010949,0.220365,0.345394,4.654164,0.000202,0.001414,0.002924,0.040011
1784698865.446271377,6.599189,0.000000,0.214459,0.379184,0.164728,0.011541,0.217357,0.297519,5.272127,0.000000,0.001213,0.002826,0.038235
1784698865.923029703,6.460259,0.000000,0.210327,0.351287,0.266766,0.030663,0.215705,0.365220,4.976982,0.000808,0.000606,0.002777,0.039118
1784698866.443378922,6.133131,0.000000,0.188096,0.379596,0.229041,0.011829,0.217935,0.337127,4.725698,0.000808,0.001415,0.002826,0.038760
1784698866.916258661,6.813569,0.000000,0.217162,0.397178,0.331525,0.020406,0.215491,0.294071,5.292814,0.000807,0.000606,0.003215,0.040294
1784698867.413718786,6.634619,0.000000,0.201462,0.391047,0.264152,0.012949,0.233039,0.346015,5.144704,0.000809,0.001413,0.002874,0.036155
1784698867.902309462,6.506397,0.000000,0.233694,0.344271,0.127435,0.002367,0.217646,0.365555,5.173068,0.000000,0.000606,0.002924,0.038831
1784698868.394472577,6.708979,0.000000,0.216920,0.401632,0.279395,0.020356,0.217574,0.342746,5.184667,0.000000,0.001213,0.003215,0.041261
1784698868.906081031,6.916964,0.003616,0.207149,0.382077,0.230499,0.020588,0.230805,0.328241,5.469845,0.000808,0.001414,0.003557,0.038365
1784698869.355449342,6.504422,0.000000,0.230706,0.340804,0.231493,0.010653,0.213915,0.352867,5.080033,0.000808,0.000606,0.003120,0.039417
1784698869.846814957,5.600608,0.166302,0.217041,0.351763,0.097293,0.022194,0.219144,0.365555,4.119108,0.000808,0.000606,0.002679,0.038115
1784698870.391361470,6.155521,0.180717,0.204597,0.371312,0.125068,0.007402,0.215419,0.365388,4.642976,0.000000,0.001212,0.002680,0.038750
1784698870.957266485,7.174837,0.187993,0.207497,0.385181,0.281825,0.013645,0.239635,0.291084,5.524536,0.000000,0.001212,0.002874,0.039355
1784698871.485503819,7.750561,0.184470,0.224082,0.393655,0.330449,0.020369,0.215491,0.353058,5.985275,0.000808,0.000606,0.002923,0.039375
1784698871.992178576,6.883093,0.184470,0.203969,0.370004,0.357478,0.018631,0.299912,0.321372,5.080033,0.000000,0.001212,0.002875,0.043137
1784698872.493918599,6.723884,0.213460,0.204369,0.396163,0.307176,0.023630,0.216568,0.371732,4.946110,0.000808,0.000606,0.002679,0.040583
1784698873.121075331,7.042564,0.209737,0.255699,0.392004,0.314930,0.010653,0.230805,0.318932,5.264163,0.000808,0.000606,0.003020,0.041207
1784698873.633952206,7.841887,0.184424,0.223520,0.369903,0.089429,0.010640,0.228648,0.298570,6.389505,0.000808,0.000607,0.003121,0.042712
1784698874.094387646,8.382423,0.220917,0.220773,0.350289,0.229178,0.025092,0.218007,0.343993,6.731043,0.000000,0.001211,0.002679,0.039241
1784698874.585330351,6.686643,0.177147,0.207091,0.402532,0.100303,0.027816,0.228420,0.291329,5.208524,0.000000,0.001415,0.002680,0.039386
1784698875.081929715,5.775083,0.238666,0.236676,0.357620,0.069988,0.011217,0.214627,0.360869,4.241214,0.000808,0.000606,0.002635,0.040157
1784698875.538069234,7.010582,0.235109,0.208134,0.341118,0.142224,0.002076,0.232962,0.368953,5.437489,0.000000,0.001213,0.003119,0.038185
1784698876.013768926,5.900387,0.184332,0.211268,0.386206,0.245089,0.015341,0.217501,0.337907,4.260240,0.000808,0.000606,0.002924,0.038165
1784698876.546164472,6.728616,0.224258,0.201798,0.390246,0.242347,0.012436,0.218941,0.295121,5.098734,0.000202,0.001213,0.002684,0.040636
1784698877.006667355,6.581929,0.173576,0.237271,0.398247,0.328296,0.015313,0.215922,0.327569,4.843370,0.000808,0.000606,0.002925,0.038026
1784698877.494461156,6.909237,0.238666,0.214041,0.352181,0.109184,0.001777,0.216065,0.346028,5.388339,0.000000,0.001213,0.002972,0.038771
1784698877.933927516,6.530988,0.162727,0.207728,0.351477,0.192160,0.001483,0.214698,0.345553,5.009317,0.000000,0.002830,0.002973,0.040042
1784698878.452723064,6.111187,0.166385,0.207613,0.364673,0.262864,0.016285,0.217935,0.366839,4.465179,0.000000,0.001213,0.002826,0.039375
1784698878.946444726,7.056145,0.170087,0.204939,0.366895,0.264614,0.004140,0.214847,0.295495,5.486842,0.000808,0.003230,0.002825,0.041423
1784698879.442367847,6.889249,0.177236,0.217466,0.374425,0.235976,0.015341,0.219014,0.302009,5.303948,0.000000,0.001415,0.002879,0.039540
1784698879.918614777,7.656967,0.159111,0.243432,0.374831,0.335755,0.020086,0.215634,0.320885,5.940877,0.000404,0.000606,0.002823,0.042523
1784698880.364448644,7.788635,0.000000,0.201237,0.359943,0.159569,0.000000,0.215634,0.361153,6.448847,0.000000,0.001415,0.002582,0.038255
1784698880.918694135,7.074709,0.000000,0.184440,0.380605,0.195967,0.007389,0.228965,0.344773,5.691390,0.000000,0.000606,0.002728,0.037846
1784698881.396713079,5.715202,0.000000,0.236940,0.385390,0.089636,0.002369,0.220092,0.366949,4.369569,0.000808,0.001415,0.002679,0.039355
1784698881.853318021,7.583757,0.177192,0.246746,0.349910,0.056972,0.004715,0.217574,0.317471,6.167800,0.000808,0.000606,0.002680,0.041283
1784698882.310516980,7.270911,0.166343,0.233499,0.352376,0.093832,0.001184,0.219014,0.307613,5.852632,0.000808,0.001415,0.002778,0.039417
1784698882.746278787,6.724355,0.180717,0.220896,0.376285,0.160168,0.020601,0.228193,0.344931,5.148197,0.000000,0.003234,0.003117,0.038016
1784698883.310506094,6.914496,0.184701,0.230513,0.376999,0.143492,0.029592,0.216784,0.362327,5.323061,0.000808,0.001617,0.002924,0.041678
1784698883.761893117,7.036353,0.000000,0.214758,0.391092,0.298851,0.022221,0.229193,0.372854,5.461036,0.000808,0.001415,0.002875,0.041250
1784698884.266131482,6.877158,0.000000,0.217041,0.392997,0.160807,0.002950,0.234885,0.287699,5.537893,0.000000,0.001415,0.002680,0.038791
1784698884.766688000,7.055360,0.000000,0.245783,0.396324,0.352415,0.020443,0.218723,0.318344,5.459386,0.000808,0.000606,0.002874,0.039654
1784698885.246314311,7.499457,0.180808,0.331437,0.433372,0.289451,0.024236,0.217140,0.357417,5.622037,0.000808,0.000606,0.003120,0.039025
1784698885.728692172,6.767673,0.173619,0.194202,0.383838,0.167860,0.008306,0.216496,0.312935,5.264115,0.000000,0.001212,0.002779,0.042311
1784698886.179448880,6.437983,0.180808,0.210974,0.397277,0.279487,0.008877,0.219801,0.362265,4.733995,0.000808,0.000606,0.002928,0.040157
1784698886.641946717,6.697796,0.173619,0.214041,0.348435,0.151344,0.010006,0.219582,0.345711,5.189360,0.000202,0.001415,0.002777,0.041304
1784698887.122191137,8.599038,0.184516,0.204483,0.381870,0.368875,0.028721,0.219014,0.365833,6.803015,0.000808,0.000606,0.002972,0.038325
1784698887.610643914,6.314538,0.003616,0.214100,0.347963,0.163610,0.029502,0.216784,0.333815,4.962014,0.000808,0.001415,0.002826,0.038085
1784698888.037483992,6.801735,0.000000,0.240320,0.359382,0.122993,0.020468,0.220019,0.319324,5.475015,0.000808,0.001415,0.003119,0.038872
1784698888.474484017,7.808533,0.000000,0.203912,0.349910,0.228193,0.011829,0.231883,0.303483,6.436577,0.000000,0.001213,0.002874,0.038659
1784698888.966480918,6.883729,0.000000,0.211092,0.373917,0.264438,0.006199,0.215777,0.292350,5.476426,0.000000,0.001213,0.002828,0.039489
1784698889.489760249,6.475922,0.000000,0.204483,0.386625,0.158386,0.002370,0.217574,0.294580,5.168596,0.000202,0.001412,0.002923,0.038771
1784698889.977489970,7.002722,0.000000,0.217284,0.392587,0.281215,0.000000,0.214413,0.338377,5.515320,0.000000,0.000606,0.002972,0.039948
1784698890.523542320,6.706732,0.000000,0.213682,0.409027,0.233657,0.018916,0.216996,0.333072,5.236933,0.000808,0.000606,0.002825,0.040210
1784698891.085121886,5.847660,0.000000,0.207613,0.384450,0.237564,0.010666,0.218070,0.356107,4.390797,0.000000,0.000606,0.002874,0.038913
1784698891.566414116,7.883279,0.000000,0.214041,0.351477,0.298364,0.029017,0.217646,0.343520,6.386801,0.000808,0.000606,0.002924,0.038075
1784698892.022074406,8.748271,0.000000,0.191286,0.348866,0.212840,0.001189,0.234118,0.321961,7.395308,0.000000,0.001213,0.002679,0.038811
1784698892.478118955,7.405854,0.184470,0.226569,0.380522,0.263597,0.008566,0.218070,0.294879,5.786475,0.000000,0.001213,0.002875,0.038618
1784698892.952876751,6.989292,0.191368,0.213921,0.401662,0.089725,0.002071,0.215993,0.317522,5.511990,0.000000,0.001212,0.003118,0.040710
1784698893.414371845,7.113951,0.184470,0.211092,0.360167,0.210313,0.003257,0.230805,0.322061,5.547522,0.000808,0.000606,0.002776,0.040074
1784698893.966133962,6.898021,0.173532,0.194202,0.345195,0.160541,0.001473,0.214990,0.343684,5.419954,0.000808,0.001211,0.003118,0.039313
1784698894.454903661,7.246806,0.177192,0.240454,0.398927,0.297476,0.029574,0.216496,0.356107,5.484409,0.000808,0.001211,0.002826,0.041326
1784698894.994247871,6.847455,0.000000,0.216677,0.376862,0.211181,0.016275,0.219509,0.345553,5.418542,0.000808,0.001213,0.002680,0.038155
1784698895.458122387,6.463966,0.000000,0.197936,0.359188,0.126271,0.005893,0.218651,0.364106,5.149565,0.000808,0.000606,0.002777,0.038165
1784698895.934250568,7.233814,0.010848,0.208424,0.354242,0.256945,0.001178,0.218079,0.319032,5.822579,0.000808,0.000606,0.002928,0.038145
1784698896.398471731,6.858453,0.000000,0.204654,0.373577,0.228965,0.008883,0.216568,0.296003,5.490152,0.000000,0.000607,0.002680,0.036364
1784698896.962550271,6.165600,0.000000,0.208250,0.350005,0.098081,0.003239,0.214413,0.288993,4.960517,0.000000,0.001415,0.002681,0.038006
1784698897.422253922,8.703236,0.000000,0.213921,0.355474,0.088644,0.000000,0.219014,0.294340,7.489635,0.000000,0.001414,0.002679,0.038115
1784698897.882094554,7.875476,0.000000,0.208192,0.350194,0.078941,0.014144,0.214990,0.312791,6.649831,0.000000,0.001415,0.003168,0.041810
1784698898.354415314,6.817582,0.000000,0.210680,0.349720,0.073243,0.034030,0.218651,0.307113,5.581039,0.000000,0.001416,0.002779,0.038911
1784698898.806483533,6.803072,0.000000,0.201237,0.376999,0.161672,0.011829,0.215205,0.298066,5.496450,0.000808,0.000606,0.002631,0.037569
1784698899.258626195,6.455134,0.000000,0.198433,0.380400,0.159410,0.003551,0.218433,0.286533,5.165645,0.000000,0.000606,0.002923,0.039200
1784698899.806073260,8.164697,0.000000,0.210915,0.382284,0.300237,0.029627,0.353171,0.346028,6.498573,0.000202,0.001213,0.003020,0.039427
1784698900.258006293,8.918782,0.000000,0.239583,0.355821,0.092477,0.001777,0.218723,0.309455,7.656894,0.000807,0.001413,0.002972,0.038860
1784698900.713273913,9.032913,0.000000,0.201125,0.376916,0.081914,0.001471,0.238276,0.334951,7.755484,0.000808,0.000606,0.002632,0.038730
1784698901.206115009,6.634317,0.000000,0.197715,0.347585,0.160381,0.010956,0.219290,0.307754,5.347132,0.000000,0.001212,0.002680,0.039612
1784698901.690334489,5.970557,0.000000,0.204597,0.402442,0.349359,0.010962,0.218215,0.359428,4.382738,0.000807,0.000606,0.002632,0.038771
1784698902.162375100,5.642999,0.191224,0.213802,0.347585,0.066647,0.006490,0.219801,0.363660,4.189761,0.000000,0.001213,0.002680,0.040136
1784698902.638151667,6.375417,0.159111,0.236544,0.345572,0.062700,0.002071,0.218926,0.344938,4.963028,0.000808,0.001414,0.002922,0.037383
1784698903.206136901,6.553197,0.170130,0.197660,0.354864,0.090446,0.002367,0.217935,0.316346,5.159255,0.000808,0.001415,0.003119,0.038852
1784698903.669878376,7.088092,0.198889,0.207439,0.355879,0.161725,0.000884,0.299930,0.333530,5.488162,0.000808,0.000606,0.002681,0.037559
1784698904.117960525,7.179886,0.195224,0.214698,0.394661,0.296687,0.027884,0.217935,0.302928,5.483008,0.000000,0.001414,0.002924,0.042523
1784698904.610321138,6.511528,0.191752,0.319537,0.438302,0.358554,0.010357,0.215922,0.350393,4.583083,0.000808,0.000606,0.002777,0.039437
1784698905.138329324,8.396516,0.173619,0.198046,0.377018,0.302006,0.015617,0.217935,0.310097,6.758706,0.000808,0.001415,0.002924,0.038325
1784698905.630224457,6.548715,0.180853,0.214818,0.382478,0.266588,0.020344,0.231883,0.345869,4.860104,0.000000,0.001415,0.002875,0.041488
1784698906.138146193,6.644368,0.184424,0.216798,0.348246,0.155565,0.005314,0.219509,0.344931,5.127232,0.000808,0.000606,0.002680,0.038255
1784698906.586480988,7.130729,0.177103,0.211563,0.352091,0.227814,0.000886,0.216996,0.312791,5.588190,0.000000,0.001617,0.002684,0.038994
1784698907.088149623,6.475072,0.000000,0.201349,0.344448,0.090446,0.006790,0.218651,0.295766,5.273729,0.000000,0.001213,0.002680,0.040000
1784698907.574126375,6.137885,0.000000,0.213682,0.350416,0.091887,0.001184,0.216065,0.319324,4.902831,0.000000,0.001213,0.003118,0.038165
1784698908.066480117,8.356767,0.184470,0.210444,0.364673,0.062679,0.001179,0.217574,0.312361,6.959129,0.000000,0.001415,0.003901,0.038942
1784698908.545917768,7.230155,0.184332,0.195017,0.405389,0.360221,0.020393,0.215922,0.310307,5.496450,0.000000,0.000607,0.002777,0.038740
1784698908.994213544,6.597005,0.173619,0.230642,0.348435,0.297676,0.002354,0.218070,0.317814,4.963028,0.000808,0.000606,0.002778,0.041175
1784698909.486268081,7.093213,0.195224,0.217466,0.404528,0.219290,0.019530,0.220092,0.322742,5.450369,0.000808,0.000606,0.002484,0.040074
1784698909.946153301,5.531745,0.180808,0.233825,0.348553,0.066824,0.020714,0.219290,0.343824,4.075081,0.000808,0.000606,0.002631,0.038781
1784698910.426114950,6.807201,0.000000,0.197715,0.409360,0.161685,0.031605,0.221098,0.291864,5.450097,0.000808,0.000606,0.002782,0.039581
1784698910.918588061,6.905622,0.000000,0.210680,0.403424,0.348979,0.005323,0.219014,0.299394,5.374260,0.000809,0.000606,0.003216,0.039917
1784698911.394355513,6.710436,0.000000,0.210562,0.400684,0.159199,0.020098,0.219728,0.294205,5.364324,0.000000,0.000607,0.002874,0.038155
1784698911.867110340,5.773870,0.003615,0.220711,0.343607,0.159992,0.004439,0.220530,0.364607,4.413198,0.000000,0.001211,0.003210,0.038750
1784698912.314008876,6.775379,0.000000,0.283011,0.357977,0.060538,0.030330,0.215922,0.307829,5.476426,0.000404,0.002020,0.002777,0.038145
1784698912.785570760,6.808199,0.000000,0.198157,0.405186,0.365863,0.002069,0.217574,0.367770,5.210095,0.000000,0.001211,0.003215,0.037059
1784698913.249884656,6.176007,0.000000,0.220465,0.348812,0.162262,0.001187,0.216065,0.303709,4.881021,0.000000,0.001213,0.003118,0.038155
1784698913.722294391,5.295544,0.000000,0.207323,0.363779,0.124902,0.007995,0.216996,0.321666,4.011408,0.000000,0.001415,0.003165,0.036895
1784698914.153923876,5.735752,0.007232,0.204083,0.341580,0.128260,0.009162,0.215993,0.343835,4.439773,0.000808,0.001414,0.003507,0.040105
1784698914.638057591,6.392936,0.000000,0.217041,0.355185,0.073437,0.011197,0.218143,0.309245,5.162369,0.000808,0.001416,0.002823,0.041272
1784698915.090056358,6.801334,0.000000,0.194745,0.378835,0.158386,0.006810,0.229802,0.285752,5.503080,0.000202,0.001415,0.002777,0.039530
1784698915.562115777,7.215297,0.057873,0.217769,0.358702,0.300526,0.002362,0.215491,0.290551,5.726072,0.000808,0.001413,0.003020,0.040710
1784698916.029832018,6.641867,0.000000,0.214041,0.345830,0.029159,0.029887,0.216353,0.344931,5.418542,0.000808,0.000606,0.002777,0.038933
1784698916.498306628,9.111897,0.000000,0.249644,0.349720,0.162154,0.006526,0.218143,0.318593,7.764263,0.000000,0.001415,0.002729,0.038710
1784698916.974138337,5.887909,0.000000,0.207728,0.353331,0.057257,0.001471,0.220019,0.296547,4.711812,0.000000,0.001414,0.002583,0.035747
1784698917.457962551,7.722584,0.000000,0.246265,0.384868,0.080621,0.001187,0.215777,0.294635,6.457130,0.000808,0.001416,0.002924,0.036953
1784698917.925249736,7.181212,0.000000,0.217466,0.403424,0.372755,0.001481,0.221098,0.329775,5.591903,0.000807,0.001415,0.002973,0.038115
1784698918.422209281,7.077985,0.003617,0.351813,0.458927,0.160594,0.031998,0.217140,0.294851,5.516341,0.000404,0.000606,0.002923,0.038771
1784698918.983153887,6.288981,0.000000,0.213682,0.346830,0.162154,0.001477,0.220878,0.347285,4.953570,0.000808,0.000202,0.002678,0.039417
1784698919.450889515,6.813180,0.000000,0.214698,0.374530,0.162905,0.005900,0.218723,0.284319,5.509067,0.000202,0.001414,0.002631,0.038791
1784698919.906159775,6.832373,0.000000,0.207902,0.340841,0.301787,0.006769,0.218941,0.380385,5.331017,0.000808,0.000606,0.002777,0.040540
1784698920.370241076,8.123741,0.000000,0.207149,0.400684,0.352444,0.010086,0.217862,0.289884,6.601049,0.000000,0.001211,0.002874,0.040498
1784698920.838428628,6.895341,0.000000,0.204369,0.406947,0.231806,0.010956,0.217574,0.308676,5.472588,0.000000,0.000606,0.003119,0.038700
1784698921.290463652,6.767527,0.000000,0.224207,0.351477,0.086111,0.000296,0.219290,0.291329,5.551702,0.000000,0.000606,0.002969,0.039540
1784698921.750223588,6.853447,0.000000,0.214399,0.364869,0.152526,0.002658,0.217501,0.308111,5.549942,0.000808,0.000606,0.002631,0.039396
1784698922.210653339,6.458846,0.000000,0.217162,0.380110,0.196097,0.008291,0.218215,0.320635,5.073341,0.000808,0.000606,0.002924,0.040657
